CAPEX_category,AUS_Eora_sector_1,AUS_Eora_sector_2,AUS_Eora_sector_3,US_Eora_sector_1,US_Eora_sector_2,US_Eora_sector_3
EXCAV. & SITEWORK,Non-residential building construction,-,-,Other nonresidential structures,-,-
EQUIP.,Industrial machinery and equipment,Fabricated metal products,-,Other commercial and service industry machinery manufacturing                                                       ,Metal tank (heavy gauge) manufacturing                                                                                       ,-
CONC.,Ready-mixed concrete,-,-,Ready-mix concrete manufacturing                                                                                             ,"Concrete pipe, brick, and block manufacturing",-
STEEL,Fabricated construction steel,-,-,Steel product manufacturing from purchased steel,-,-
PIPE    & VALVES,Plastic products,Pumps,-,Plastics pipe and pipe fitting manufacturing      ,Pump and pumping equipment manufacturing,Valve and fittings other than plumbing
ELECTRIC EQUIP   INSTRUMENTATION,Industrial machinery and equipment,Electrical equipment,-,Industrial process variable instruments manufacturing,-,-
HOUSING,Non-residential building construction,-,-,Nonresidential commercial and health care structures,-,-
YARD PIPING,Plastic products,-,-,Plastics pipe and pipe fitting manufacturing    ,Fabricated pipe and pipe fitting manufacturing                                                                               ,-
SITEWORK LANDSCAPING,Non-building construction,-,-,"Greenhouse, nursery, and floriculture production",-,-
SITE ELECTRICAL & CONTROLS,Electrical equipment,Computer and technical services,-,Nonresidential commercial and health care structures,Environmental and other technical consulting services,-
ENGINEERING,Non-residential building construction,Legal services,Business services,"Architectural, engineering, and related services        ",-,-
PVC,Plastic products,-,-,Plastics pipe and pipe fitting manufacturing      ,-,-
DUCTILE IRON,Iron and steel semi-manufactures,-,-,Fabricated pipe and pipe fitting manufacturing                                                                               ,-,-
